company_name,email
Aankhi Jhyal Technologies,info@aankhijyal.com.np
Aarambha IT Research Center,hello@aarambhait.com
Able Innovation,info@ableinnovation.com.np
E-commerce Sathi,ecommercesathi@gmail.com
Everest Technologies,tech.everest.2021@gmail.com
inGrails Pvt. Ltd.,mail@ingrails.com
Insoft,support@insoftnepal.com
IT Deurali,itdeurali@itdeurali.com
Jankari Tech,info@jankaritech.com
Nep Tech Pal Pvt. Ltd,info@neptechpal.com
Nipuna Prabhidik Sewa,nipunasewa@gmail.com
PH Solution,info@phsolution.com.np
Reev IT,mail@reev-it.com
Skeinsoft,contact@skeinsoft.com
Skybase Innovations,skybase.innovations@gmail.com
Teispace Technology,info@teispace.com.np
Thulo Technology,info@thulotechnology.com
Tuki Soft,tukisoftware@gmail.com
Two Ace Solutions,contact@twoacesolutions.com
Urja Lab,urjalab@gmail.com
Vigorous IT Solution,contact@vigrousitsolution.com
Virtual Technology,info@vtechnepal.com
Websoft Technology Nepal,info@websoftnepal.com.np
xDezo Technologies,info@xdezo.com
XL SoftTech,info@softtech.com
Yarsa Labs,support@yarsalabs.com
Tonic Byte,hello@tonicbyte.com
Xyphor Technologies,contact@xyphortech.com
